{"1392165266.358591": {"gem_to_gold": 65900, "gold_to_gem": 91300}, "1392167429.966342": {"gem_to_gold": 60700, "gold_to_gem": 84000}, "1392165320.393682": {"gem_to_gold": 65900, "gold_to_gem": 91300}, "1392166529.015811": {"gem_to_gold": 63100, "gold_to_gem": 87400}, "1392166221.368215": {"gem_to_gold": 63200, "gold_to_gem": 87500}}